username,,,140
confidentwaves57,,,
splendidsupport6,,,
tensefruit62,,,
cheerfulfriends89,,,
splendidfruit76,,,
charmingtrail77,,,
charmingwaves89,,,
amazingstove46,,,
miniatureperson28,,,
freshmint66,,,
gamygrass95,,,
fortunategrass1,,,
hurriedocean53,,,
gamysky54,,,
gloriousperson72,,,
cheerfulwish71,,,
thunderinghome99,,,
eleganttree74,,,
classywind64,,,
coolmind83,,,
vigorouswind93,,,
chillythrone26,,,
scientificglass47,,,
testedbrake94,,,
chillysteel26,,,
coldrailway3,,,
classywish31,,,
impossibleguide40,,,
miniatureshirt68,,,
scientificshirt78,,,
tenseshirt20,,,
awesomebat2,,,
livelyfriends55,,,
chillyocean1,,,
thunderingclam54,,,
coolcheese18,,,
jadedtree99,,,
vigorousstore67,,,
fortunaterailway62,,,
giftedsupport67,,,
scientificgeese55,,,
wonderfulcheese70,,,
decisivetoad69,,,
scientificplane77,,,
hurriedmind85,,,
confidentwish20,,,
scientificwriting80,,,
gamywaves40,,,
charmingroot37,,,
wonderfulguide15,,,
wellfriends20,,,
tensethrone50,,,
impossibleroot41,,,
hurriedgeese32,,,
wonderfulmove40,,,
firstsand20,,,
gamygrass3,,,
freshorange69,,,
gamycheese40,,,
confidenttree65,,,
distinctocean62,,,
charmingperson61,,,
chillybutton56,,,
amazingsky5,,,
splendidroot46,,,
thunderinghome41,,,
coldwish90,,,
decisivestore99,,,
simpletoad69,,,
testedwish58,,,
gamytree16,,,
miniatureplane18,,,
decisiverailway72,,,
uniquethrone34,,,
firstdebt57,,,
amazingrailway20,,,
spiffybat47,,,
aquaticmint70,,,
amazingbrake58,,,
coolbasin58,,,
tensemind57,,,
coldperson75,,,
tensefriends93,,,
fortunateguide9,,,
thunderingbat74,,,
noblesand51,,,
testedfruit74,,,
livelybrake32,,,
gamyrailway93,,,
jadedtalk22,,,
decisiveground73,,,
gloriousroot24,,,
firstwriting47,,,
greatstore79,,,
robuststeel13,,,
splendidgeese19,,,
noblecar69,,,
uniquethrone61,,,
greatsquirrel94,,,
modestclam37,,,
tensefruit58,,,
livelymint97,,,
wonderfulsteel12,,,
splendidstore20,,,
spiffysky54,,,
gloriousocean53,,,
chillyladybug95,,,
hurriedcar29,,,
testedstore100,,,
scientificbasin86,,,
tensedebt96,,,
classysteel87,,,
wellisland11,,,
livelywind62,,,
confidentsteel77,,,
jadedbutton26,,,
miniatureroot26,,,
cheerfulbrake95,,,
confidentsand3,,,
confidentdebt10,,,
greatmint45,,,
confidentorange4,,,
classyfruit21,,,
hurriedtree95,,,
vigorousbasin70,,,
fortunatetray92,,,
spiffystore15,,,
livingsand35,,,
charmingwind34,,,
livelywriting81,,,
livelytray1,,,
splendidfriends28,,,
greatperson56,,,
jadedsky89,,,
wonderfulsupport28,,,
wonderfulguide93,,,
wellthrone6,,,
cheerfulmind39,,,
decisiveorange50,,,
classymint88,,,
testedbutton21,,,
livingmind65,,,
impossibleground25,,,
confidentsky3,,,
vigorouswind86,,,
simpleglass6,,,
vigorouswish87,,,
modeststeel89,,,
freshbutton50,,,
awesomevolcano77,,,
coldthrone35,,,
distinctbasin87,,,
awesomecar3,,,
wonderfultrail43,,,
coolisland92,,,
literatestore64,,,
robustocean79,,,
uniquesteel37,,,
gloriousbasin44,,,
spiffywriting16,,,
miniaturedebt44,,,
superborange99,,,
hurrieddebt80,,,
coldcheese7,,,
superbsupport59,,,
firstorange11,,,
cheerfulstore69,,,
supergeese36,,,
coldwind2,,,
hurriedgrass64,,,
freshground70,,,
coolfriends32,,,
firstmove36,,,
decisivegeese69,,,
uniqueshirt1,,,
fortunatethrone84,,,
fortunatehome22,,,
awesomesupport21,,,
giftedguide81,,,
noblesupport91,,,
robustthrone13,,,
superbwaves86,,,
fortunatefriends17,,,
testedvolcano11,,,
spiffywriting82,,,
elegantsand68,,,
testedcheese60,,,
coldglass99,,,
impossiblerailway89,,,
eleganttree59,,,
amazingocean31,,,
decisivetrail75,,,
classyisland77,,,
scientificcheese50,,,
uniquesquirrel73,,,
gloriousshirt81,,,
distinctwish45,,,
chillyvolcano97,,,
gamysand87,,,
miniatureglass4,,,
spiffyfruit79,,,
confidentfruit43,,,
classytoad53,,,
classysquirrel79,,,
vigoroustree8,,,
simplebat68,,,
impossiblesky59,,,
miniatureplane25,,,
superbclam56,,,
hurriedbat22,,,
robustcar34,,,
simplecar73,,,
distinctsquirrel42,,,
literatefruit20,,,
coolmint1,,,
gloriousbasin77,,,
livingtrail92,,,
scientificbutton4,,,
coldbat51,,,
giftedbrake68,,,
miniaturemint97,,,
wonderfulisland51,,,
firstmove97,,,
splendidtalk52,,,
aquaticsteel54,,,
greatocean87,,,
greatroot84,,,
giftedbat8,,,
glorioustoad11,,,
amazingsupport62,,,
vigorousmind39,,,
awesomeladybug40,,,
impossibleground53,,,
freshbasin28,,,
vigoroussupport9,,,
amazingwind50,,,
wonderfultray54,,,
decisiveladybug39,,,
noblevolcano25,,,
spiffycheese92,,,